{"s": 0.5360887050628662, "i": 0.4390315115451813, "j": 0.39844876527786255, "advance_i": 0.24821296334266663, "advance_j": 0.26335254311561584, "advance_s": 0.22850078344345093, "_timestamp": 1648388544, "_runtime": 393, "_step": 163, "train loss": 3.2983624935150146, "train match": 0.5625, "s_g_average": 0.5506638199423126, "average_shift": 2.625, "final train accuracy": 0.125, "validation match": 0.375, "s_g_average_val": 0.5430522602397603, "average_shift_val": 2.34375, "final validation accuracy": 0.15625, "_wandb": {"runtime": 389}}