{"s": 0.9680346846580505, "i": 1.1686232089996338, "j": 1.1150201559066772, "advance_i": 0.3111133575439453, "advance_j": 0.29280418157577515, "advance_s": 0.2857186496257782, "_runtime": 112, "_timestamp": 1644250170, "_step": 4, "train loss": 7.170617580413818, "train match": 0.03125, "s_g_average": 0.5396147485072117, "average_shift": 5.03125, "final train accuracy": 0.125, "validation match": 0.0625, "s_g_average_val": 0.5314577783327783, "average_shift_val": 5.15625, "final validation accuracy": 0.0625, "train match [manual]": 0.0625, "train average accuracy [manual]": 0.5217127720114852, "train average shift [manual]": 3.53125, "train final accuracy [manual]": 0.21875, "validation match [manual]": 0.09375, "validation average accuracy [manual]": 0.5081029213841713, "validation average shift [manual]": 2.9375, "final validation accuracy [manual]": 0.28125, "_wandb": {"runtime": 140}}