{"s": 0.1969819962978363, "i": 0.0823582112789154, "j": 0.25477537512779236, "advance_i": 0.006479638163000345, "advance_j": 0.006402186118066311, "advance_s": 0.00469197565689683, "_timestamp": 1648402264, "_runtime": 7223, "_step": 3601, "train loss": 0.49783575534820557, "train match": 1.0, "s_g_average": 1.0, "average_shift": 0.0, "final train accuracy": 1.0, "validation match": 1.0, "s_g_average_val": 1.0, "average_shift_val": 0.0, "final validation accuracy": 1.0, "test_accuracy": 0.0625, "test average accuracy": 0.8121449223500248, "test average shift": 4.25, "_wandb": {"runtime": 7222}}