{"s": 0.1955914944410324, "i": 0.1085267886519432, "j": 0.2384881228208542, "advance_i": 0.0028730800841003656, "advance_j": 0.00282083242200315, "advance_s": 0.002028397051617503, "_timestamp": 1649785528, "_runtime": 11400, "_step": 9601, "train loss": 0.7347313761711121, "train match": 1.0, "s_g_average": 1.0, "average_shift": 0.0, "final train accuracy": 1.0, "validation match": 1.0, "s_g_average_val": 1.0, "average_shift_val": 0.0, "final validation accuracy": 1.0, "test_accuracy": 0.0, "test average accuracy": 0.7595258173582645, "test average shift": 13.28125, "_wandb": {"runtime": 11394}}