{"s": 0.21614514291286469, "i": 0.14098402857780457, "j": 0.273414671421051, "advance_i": 0.0011868476867675781, "advance_j": 0.001241002813912928, "advance_s": 0.0012190683046355844, "_timestamp": 1649697232, "_runtime": 12799, "_step": 9601, "train loss": 0.5508448481559753, "train match": 1.0, "s_g_average": 1.0, "average_shift": 0.0, "final train accuracy": 1.0, "validation match": 1.0, "s_g_average_val": 1.0, "average_shift_val": 0.0, "final validation accuracy": 1.0, "test_accuracy": 0.03125, "test average accuracy": 0.740310146684772, "test average shift": 13.96875, "_wandb": {"runtime": 12799}}