{"s": 0.1635756939649582, "i": 0.06409728527069092, "j": 0.20432527363300323, "advance_i": 0.0011126314057037234, "advance_j": 0.0011278220918029547, "advance_s": 0.0007236344390548766, "_timestamp": 1649641811, "_runtime": 12344, "_step": 9601, "train loss": 0.47366970777511597, "train match": 1.0, "s_g_average": 1.0, "average_shift": 0.0, "final train accuracy": 1.0, "validation match": 1.0, "s_g_average_val": 1.0, "average_shift_val": 0.0, "final validation accuracy": 1.0, "test_accuracy": 0.03125, "test average accuracy": 0.9592140514792905, "test average shift": 2.0625, "_wandb": {"runtime": 12342}}