{"s": 0.1960512101650238, "i": 0.11596538126468658, "j": 0.2077486217021942, "advance_i": 0.08982675522565842, "advance_j": 0.08758115768432617, "advance_s": 0.07339505106210709, "_timestamp": 1649594346, "_runtime": 4740, "_step": 3601, "train loss": 1.114987850189209, "train match": 0.9375, "s_g_average": 0.9825309011164275, "average_shift": 0.34375, "final train accuracy": 0.875, "validation match": 0.96875, "s_g_average_val": 0.9924479166666667, "average_shift_val": 0.125, "final validation accuracy": 0.90625, "test_accuracy": 0.03125, "test average accuracy": 0.7841566600191955, "test average shift": 10.625, "_wandb": {"runtime": 4740}}