{"s": 0.3603746294975281, "i": 0.2645029127597809, "j": 0.3451584577560425, "advance_i": 0.19799382984638214, "advance_j": 0.19979055225849152, "advance_s": 0.19085027277469635, "_timestamp": 1648392955, "_runtime": 4383, "_step": 2106, "train loss": 2.643683433532715, "train match": 0.65625, "s_g_average": 0.5870845300532801, "average_shift": 2.625, "final train accuracy": 0.03125, "validation match": 0.0, "s_g_average_val": 0.5345315052126179, "average_shift_val": 11.65625, "final validation accuracy": 0.0625, "_wandb": {"runtime": 4384}}