{"s": 1.1518733501434326, "i": 1.373561978340149, "j": 1.343283772468567, "advance_i": 0.34877124428749084, "advance_j": 0.3240950405597687, "advance_s": 0.32867512106895447, "_runtime": 47, "_timestamp": 1644252921, "_step": 0, "_wandb": {"runtime": 80}}