{"s": 1.0924946069717407, "i": 1.3165045976638794, "j": 1.2745314836502075, "advance_i": 0.33416202664375305, "advance_j": 0.3249770700931549, "advance_s": 0.3170182406902313, "_runtime": 72, "_timestamp": 1644848695, "_step": 4, "train loss": 7.554813385009766, "train match": 0.09375, "s_g_average": 0.5203076871045621, "average_shift": 5.3125, "final train accuracy": 0.15625, "validation match": 0.15625, "s_g_average_val": 0.5058807945526695, "average_shift_val": 4.78125, "final validation accuracy": 0.09375, "train match [manual]": 0.03125, "train average accuracy [manual]": 0.5354371323121322, "train average shift [manual]": 4.03125, "train final accuracy [manual]": 0.21875, "validation match [manual]": 0.125, "validation average accuracy [manual]": 0.5286766618797868, "validation average shift [manual]": 3.8125, "final validation accuracy [manual]": 0.125}