{"s": 0.19079437851905823, "i": 0.07184871286153793, "j": 0.2075895220041275, "advance_i": 0.0040506296791136265, "advance_j": 0.003942421637475491, "advance_s": 0.0035426956601440907, "_timestamp": 1649620629, "_runtime": 10904, "_step": 8401, "train loss": 0.5521364808082581, "train match": 1.0, "s_g_average": 1.0, "average_shift": 0.0, "final train accuracy": 1.0, "validation match": 0.0, "s_g_average_val": 0.9417444923274004, "average_shift_val": 3.25, "final validation accuracy": 0.75, "test_accuracy": 0.0, "test average accuracy": 0.9951508620689655, "test average shift": 0.28125, "_wandb": {"runtime": 10901}}