{"s": 0.20436178147792816, "i": 0.07519536465406418, "j": 0.2410072386264801, "advance_i": 0.005458729807287455, "advance_j": 0.0049512386322021484, "advance_s": 0.0037252563051879406, "_timestamp": 1648387634, "_runtime": 5001, "_step": 3751, "train loss": 0.5350266098976135, "train match": 1.0, "s_g_average": 1.0, "average_shift": 0.0, "final train accuracy": 1.0, "validation match": 1.0, "s_g_average_val": 1.0, "average_shift_val": 0.0, "final validation accuracy": 1.0, "train match [manual]": 0.40625, "train average accuracy [manual]": 0.7954772657897657, "train average shift [manual]": 1.0, "train final accuracy [manual]": 0.3125, "validation match [manual]": 0.375, "validation average accuracy [manual]": 0.7472336257492509, "validation average shift [manual]": 1.375, "final validation accuracy [manual]": 0.25, "test final accuracy [manual]": 0.0625, "test match [manual]": 0.03125, "test average accuracy [manual]": 0.6636264573081685, "test average shift [manual]": 11.34375, "test_accuracy": 0.0625, "test average accuracy": 0.8986614434173735, "test average shift": 6.0625, "_wandb": {"runtime": 5001}}