{"s": 0.5881423354148865, "i": 0.5771088600158691, "j": 0.3601233661174774, "advance_i": 0.21123354136943817, "advance_j": 0.2124677449464798, "advance_s": 0.20341546833515167, "_timestamp": 1649589346, "_runtime": 110, "_step": 45, "train loss": 5.658858299255371, "train match": 0.1875, "s_g_average": 0.459124211674763, "average_shift": 3.1875, "final train accuracy": 0.09375, "validation match": 0.34375, "s_g_average_val": 0.480690836940837, "average_shift_val": 2.96875, "final validation accuracy": 0.0625, "_wandb": {"runtime": 111}}