{"s": 0.4010341763496399, "i": 0.3113807737827301, "j": 0.3760412633419037, "advance_i": 0.21911437809467316, "advance_j": 0.21793420612812042, "advance_s": 0.19757488369941711, "_timestamp": 1649547366, "_runtime": 2226, "_step": 1526, "train loss": 2.2283873558044434, "train match": 0.78125, "s_g_average": 0.7030473228772862, "average_shift": 1.4375, "final train accuracy": 0.5, "validation match": 0.71875, "s_g_average_val": 0.6617266414141415, "average_shift_val": 1.75, "final validation accuracy": 0.3125}