{"s": 1.022470474243164, "i": 1.2086862325668335, "j": 1.1681913137435913, "advance_i": 0.3334914743900299, "advance_j": 0.306884765625, "advance_s": 0.2892412543296814, "_runtime": 47, "_timestamp": 1644253218, "_step": 0, "_wandb": {"runtime": 80}}