{"s": 0.20384125411510468, "i": 0.07356806844472885, "j": 0.24648572504520416, "advance_i": 0.014917373657226562, "advance_j": 0.014821188524365425, "advance_s": 0.012214899063110352, "_timestamp": 1649599809, "_runtime": 5331, "_step": 3601, "train loss": 0.44180217385292053, "train match": 1.0, "s_g_average": 1.0, "average_shift": 0.0, "final train accuracy": 1.0, "validation match": 0.03125, "s_g_average_val": 0.9035573279093085, "average_shift_val": 3.75, "final validation accuracy": 0.59375, "test_accuracy": 0.0, "test average accuracy": 0.89514224693164, "test average shift": 4.125, "_wandb": {"runtime": 5331}}