{"s": 0.531516432762146, "i": 0.4924714267253876, "j": 0.40460675954818726, "advance_i": 0.2543210983276367, "advance_j": 0.23773860931396484, "advance_s": 0.23300020396709442, "_runtime": 308, "_timestamp": 1644271403, "_step": 123, "train loss": 4.201749801635742, "train match": 0.34375, "s_g_average": 0.5055304223962312, "average_shift": 2.84375, "final train accuracy": 0.15625, "validation match": 0.375, "s_g_average_val": 0.5199659281690532, "average_shift_val": 2.53125, "final validation accuracy": 0.125, "train match [manual]": 0.375, "train average accuracy [manual]": 0.5693767195835211, "train average shift [manual]": 5.625, "train final accuracy [manual]": 0.15625, "validation match [manual]": 0.34375, "validation average accuracy [manual]": 0.623277893981019, "validation average shift [manual]": 4.4375, "final validation accuracy [manual]": 0.1875, "test final accuracy [manual]": 0.03125, "test match [manual]": 0.0, "test average accuracy [manual]": 0.5406270658710951, "test average shift [manual]": 12.28125}