{"s": 0.23278763890266418, "i": 0.1045156791806221, "j": 0.26760730147361755, "advance_i": 0.06278514862060547, "advance_j": 0.05900710076093674, "advance_s": 0.05366877466440201, "_timestamp": 1648409781, "_runtime": 7141, "_step": 3601, "train loss": 0.692398726940155, "train match": 1.0, "s_g_average": 0.9947916666666667, "average_shift": 0.0, "final train accuracy": 1.0, "validation match": 1.0, "s_g_average_val": 0.991889880952381, "average_shift_val": 0.0625, "final validation accuracy": 0.9375, "test_accuracy": 0.0, "test average accuracy": 0.8621572870114542, "test average shift": 7.9375, "_wandb": {"runtime": 7142}}