{"s": 1.044804334640503, "i": 1.2411893606185913, "j": 1.1866942644119263, "advance_i": 0.33012908697128296, "advance_j": 0.33020538091659546, "advance_s": 0.2919445037841797, "_runtime": 47, "_timestamp": 1644252610, "_step": 0, "_wandb": {"runtime": 82}}