{"s": 1.094173789024353, "i": 1.2865172624588013, "j": 1.2397003173828125, "advance_i": 0.34086498618125916, "advance_j": 0.3269563317298889, "advance_s": 0.2951619327068329, "_runtime": 46, "_timestamp": 1644252792, "_step": 0, "_wandb": {"runtime": 79}}