{"s": 0.1595766842365265, "i": 0.0728822574019432, "j": 0.213332399725914, "advance_i": 0.001313379849307239, "advance_j": 0.0011744499206542969, "advance_s": 0.0008695466094650328, "_runtime": 8913, "_timestamp": 1644262589, "_step": 6104, "train loss": 0.4899003803730011, "train match": 1.0, "s_g_average": 1.0, "average_shift": 0.0, "final train accuracy": 1.0, "validation match": 1.0, "s_g_average_val": 1.0, "average_shift_val": 0.0, "final validation accuracy": 1.0, "train match [manual]": 0.40625, "train average accuracy [manual]": 0.6440508965095362, "train average shift [manual]": 1.65625, "train final accuracy [manual]": 0.125, "validation match [manual]": 0.4375, "validation average accuracy [manual]": 0.6357657099844601, "validation average shift [manual]": 1.5625, "final validation accuracy [manual]": 0.09375, "test final accuracy [manual]": 0.0625, "test match [manual]": 0.0625, "test average accuracy [manual]": 0.5823801714634845, "test average shift [manual]": 11.71875}