{"s": 0.2138637751340866, "i": 0.07980319112539291, "j": 0.23496201634407043, "advance_i": 0.0024552345275878906, "advance_j": 0.002489805221557617, "advance_s": 0.0019428730010986328, "_timestamp": 1649684385, "_runtime": 12268, "_step": 9601, "train loss": 0.44660818576812744, "train match": 1.0, "s_g_average": 1.0, "average_shift": 0.0, "final train accuracy": 1.0, "validation match": 1.0, "s_g_average_val": 1.0, "average_shift_val": 0.0, "final validation accuracy": 1.0, "test_accuracy": 0.0, "test average accuracy": 0.9824080650252525, "test average shift": 0.375, "_wandb": {"runtime": 12263}}