{"s": 1.090147614479065, "i": 1.292917013168335, "j": 1.2537814378738403, "advance_i": 0.3458946645259857, "advance_j": 0.32440322637557983, "advance_s": 0.31165504455566406, "_runtime": 175, "_timestamp": 1644249963, "_step": 5, "train loss": 7.633730411529541, "train match": 0.03125, "s_g_average": 0.4825910660009926, "average_shift": 5.53125, "final train accuracy": 0.03125, "validation match": 0.0625, "s_g_average_val": 0.5017742240398491, "average_shift_val": 4.9375, "final validation accuracy": 0.0625, "train match [manual]": 0.0, "train average accuracy [manual]": 0.4732293645896588, "train average shift [manual]": 3.53125, "train final accuracy [manual]": 0.125, "validation match [manual]": 0.125, "validation average accuracy [manual]": 0.5145699352730602, "validation average shift [manual]": 2.71875, "final validation accuracy [manual]": 0.28125, "test final accuracy [manual]": 0.09375, "test match [manual]": 0.0, "test average accuracy [manual]": 0.5424663214316044, "test average shift [manual]": 9.21875, "_wandb": {"runtime": 179}}