{"s": 0.3685324788093567, "i": 0.2589062452316284, "j": 0.3546189069747925, "advance_i": 0.2035999447107315, "advance_j": 0.19913960993289948, "advance_s": 0.1835336834192276, "_runtime": 3712, "_timestamp": 1644264188, "_step": 2200, "train loss": 3.226254463195801, "train match": 0.5, "s_g_average": 0.7692730013042514, "average_shift": 1.8125, "final train accuracy": 0.34375, "validation match": 0.71875, "s_g_average_val": 0.7553209811022312, "average_shift_val": 1.71875, "final validation accuracy": 0.34375, "train match [manual]": 0.34375, "train average accuracy [manual]": 0.6959637584637586, "train average shift [manual]": 2.375, "train final accuracy [manual]": 0.15625, "validation match [manual]": 0.375, "validation average accuracy [manual]": 0.6821437243312244, "validation average shift [manual]": 2.125, "final validation accuracy [manual]": 0.15625, "test final accuracy [manual]": 0.09375, "test match [manual]": 0.0625, "test average accuracy [manual]": 0.602932478658206, "test average shift [manual]": 12.9375}