{"s": 0.14692778885364532, "i": 0.06147295981645584, "j": 0.21576978266239166, "advance_i": 0.0004182883712928742, "advance_j": 0.0004346711211837828, "advance_s": 0.000485726777696982, "_runtime": 15828, "_timestamp": 1644249753, "_step": 10680, "train loss": 0.4536249339580536, "train match": 1.0, "s_g_average": 1.0, "average_shift": 0.0, "final train accuracy": 1.0, "validation match": 1.0, "s_g_average_val": 1.0, "average_shift_val": 0.0, "final validation accuracy": 1.0, "train match [manual]": 0.25, "train average accuracy [manual]": 0.6441660795291309, "train average shift [manual]": 1.34375, "train final accuracy [manual]": 0.28125, "validation match [manual]": 0.4375, "validation average accuracy [manual]": 0.6265318448912199, "validation average shift [manual]": 1.53125, "final validation accuracy [manual]": 0.1875, "test final accuracy [manual]": 0.0, "test match [manual]": 0.03125, "test average accuracy [manual]": 0.49355703261685907, "test average shift [manual]": 8.75, "_wandb": {"runtime": 15829}}