{"s": 1.0630055665969849, "i": 1.2831600904464722, "j": 1.2484327554702759, "advance_i": 0.3501063883304596, "advance_j": 0.32660403847694397, "advance_s": 0.29983821511268616, "_runtime": 112, "_timestamp": 1644253587, "_step": 4, "train loss": 7.483506202697754, "train match": 0.09375, "s_g_average": 0.5370007909348563, "average_shift": 5.34375, "final train accuracy": 0.09375, "validation match": 0.03125, "s_g_average_val": 0.5314577783327783, "average_shift_val": 5.15625, "final validation accuracy": 0.0625, "train match [manual]": 0.0625, "train average accuracy [manual]": 0.49635551604398354, "train average shift [manual]": 2.65625, "train final accuracy [manual]": 0.15625, "validation match [manual]": 0.125, "validation average accuracy [manual]": 0.4831307581307582, "validation average shift [manual]": 3.1875, "final validation accuracy [manual]": 0.28125, "_wandb": {"runtime": 141}}