{"s": 0.14633263647556305, "i": 0.0666738748550415, "j": 0.2153930515050888, "advance_i": 0.0007150854216888547, "advance_j": 0.0006363732391037047, "advance_s": 0.0013799326261505485, "_timestamp": 1648469011, "_runtime": 6953, "_step": 6001, "train loss": 0.3896732032299042, "train match": 1.0, "s_g_average": 1.0, "average_shift": 0.0, "final train accuracy": 1.0, "validation match": 1.0, "s_g_average_val": 0.9984375, "average_shift_val": 0.03125, "final validation accuracy": 0.96875, "test_accuracy": 0.0, "test average accuracy": 0.9256052189327907, "test average shift": 2.53125, "_wandb": {"runtime": 6946}}