{"s": 0.18322524428367615, "i": 0.061544980853796005, "j": 0.19471491873264313, "advance_i": 0.007765633519738913, "advance_j": 0.00719707366079092, "advance_s": 0.006470816675573587, "_timestamp": 1649588515, "_runtime": 3924, "_step": 3601, "train loss": 0.4242173135280609, "train match": 1.0, "s_g_average": 1.0, "average_shift": 0.0, "final train accuracy": 1.0, "validation match": 1.0, "s_g_average_val": 1.0, "average_shift_val": 0.0, "final validation accuracy": 1.0, "test_accuracy": 0.0, "test average accuracy": 1.0, "test average shift": 0.0, "_wandb": {"runtime": 3925}}