{"s": 0.14351068437099457, "i": 0.06103263422846794, "j": 0.2122369110584259, "advance_i": 0.00016123907698784024, "advance_j": 0.0001512254966655746, "advance_s": 0.00016685893933754414, "_timestamp": 1649654180, "_runtime": 12343, "_step": 9601, "train loss": 0.4197709262371063, "train match": 1.0, "s_g_average": 1.0, "average_shift": 0.0, "final train accuracy": 1.0, "validation match": 1.0, "s_g_average_val": 1.0, "average_shift_val": 0.0, "final validation accuracy": 1.0, "test_accuracy": 0.0625, "test average accuracy": 0.9615782017700703, "test average shift": 2.34375, "_wandb": {"runtime": 12343}}