{"s": 0.7561095356941223, "i": 0.6729090809822083, "j": 0.414844810962677, "advance_i": 0.283954918384552, "advance_j": 0.2550899088382721, "advance_s": 0.23345458507537842, "_timestamp": 1649589125, "_runtime": 172, "_step": 62, "train loss": 4.605132102966309, "train match": 0.3125, "s_g_average": 0.6494307801063316, "average_shift": 3.90625, "final train accuracy": 0.21875, "validation match": 0.1875, "s_g_average_val": 0.617027893981019, "average_shift_val": 4.375, "final validation accuracy": 0.15625, "_wandb": {"runtime": 171}}