{"s": 0.4776151776313782, "i": 0.4946991801261902, "j": 0.40250906348228455, "advance_i": 0.2525610327720642, "advance_j": 0.2426978498697281, "advance_s": 0.22935308516025543, "_timestamp": 1649589564, "_runtime": 185, "_step": 127, "train loss": 2.589916229248047, "train match": 0.625, "s_g_average": 0.6232121636533402, "average_shift": 2.3125, "final train accuracy": 0.09375, "validation match": 0.40625, "s_g_average_val": 0.5879136922105673, "average_shift_val": 3.15625, "final validation accuracy": 0.0625, "_wandb": {"runtime": 186}}