{"s": 0.5894374251365662, "i": 0.5755678415298462, "j": 0.4095713794231415, "advance_i": 0.2558712363243103, "advance_j": 0.2369375228881836, "advance_s": 0.22295720875263214, "_timestamp": 1649584491, "_runtime": 108, "_step": 53, "train loss": 4.904288291931152, "train match": 0.3125, "s_g_average": 0.5319173448079698, "average_shift": 3.53125, "final train accuracy": 0.0625, "validation match": 0.3125, "s_g_average_val": 0.5639214951714951, "average_shift_val": 3.46875, "final validation accuracy": 0.0625, "_wandb": {"runtime": 105}}